,precision,recall,f1-score,support
CNV,0.9874024373545118,0.9646822742474916,0.9759101366896739,7475.0
DME,0.9523201362281822,0.9650560828300259,0.958645811013499,2318.0
DRUSEN,0.8804168952276468,0.9124502558271745,0.8961474036850922,1759.0
NORMAL,0.9706101190476191,0.9847140969994339,0.9776112412177986,5299.0
accuracy,0.9655806777045872,0.9655806777045872,0.9655806777045872,0.9655806777045872
macro avg,0.94768739696449,0.9567256774760315,0.9520786481515159,16851.0
weighted avg,0.9661282793033449,0.9655806777045872,0.9657441405245858,16851.0
